{
  "id": "2468006",
  "name": "travel",
  "font_family": "iconfont",
  "css_prefix_text": "icon-",
  "description": "",
  "glyphs": [
    {
      "icon_id": "8605739",
      "name": "图片",
      "font_class": "tupian",
      "unicode": "e666",
      "unicode_decimal": 58982
    },
    {
      "icon_id": "938319",
      "name": "back",
      "font_class": "back",
      "unicode": "e677",
      "unicode_decimal": 58999
    },
    {
      "icon_id": "13474459",
      "name": "下箭头",
      "font_class": "xiajiantou",
      "unicode": "e60a",
      "unicode_decimal": 58890
    },
    {
      "icon_id": "15716261",
      "name": "search",
      "font_class": "search",
      "unicode": "e615",
      "unicode_decimal": 58901
    }
  ]
}
